URLs;dropshipping?
myplum.co;oui
joytim.fr;oui
touttrive.fr;oui
en.g-heat.com;oui
ecolessive.fr;oui
jolipuzzle.com;oui
dalinner.com;oui
browse-france.com;oui
ovalia-period.fr;oui
solado.com;oui
thericy.com;oui
gabice.com;oui
latiendadejulia.com;oui
trendsfrance.com;oui
rose-en-beaute.com;oui
fr.fittrack.com;oui
innovmybeauty.com;oui
mamiereglisse.com;oui
les-gargouilles.com;oui
blueoceancollections.com;oui
retouronaturel.com;oui
lesrobesdecolette.com;oui
mendyourmental.com;oui
backluna.com;oui
pro-freshup.com;oui
solu-care.fr;oui
titanpowerplus.com;oui
epongeverte.fr;oui
yobeno.com;oui
boaxoa.com;oui
https://www.kohls.com/;Non
https://www.underarmour.com/;Non
https://www.jeans-industry.fr/;Non
https://www.ikks.com/;Non
https://www.trithouse.com.au/;Non
https://www.homestore.fr/;Non
https://www.decorhousefurniture.com/;Non
https://www.urbanladder.com/;Non
https://shop15004.watergbov.com/;oui
https://www.jzm88.top/;oui
https://www.365city.top/;oui
https://fr.myprotein.com/;Non
zuzada.com;Oui
mdsfrenchtech.com;Oui
https://our-pets.fr/;Oui
https://fr.mewaii.com/;Oui
celisette.fr;Non
sensswing.com;Oui
canigps.com;Oui
madame-pin-up.com;Non
smart-litter.com;Oui
newcossky.fr;Oui
gabice.com;Oui
bjorka.com;Non
trytrendly.com;Oui
twinklingtree.co;Oui
lolity-official.com;Oui
lumicas.com;Oui
lovefitss.com;Oui
maisondelosier.com;Non
trylemonscrub.com.au;Non
meow-e.com;Oui
waterpaw.fr;Oui
mamiereglisse.com;Oui
tippoboutique.fr;Oui
lampely.com;Oui
izijardin.com;Oui
temisi-store.com;Oui
kaindly.com;Oui
stranger-things-eshop.com;Oui
kint-shopping.com;Oui
sterr24.de;Non
shopzenite.com;Oui
buddhastoneshop.com;Oui
techwear-france.fr;Oui
